#I redid Phase 1 so almost all the tables look different
drop database if exists wee;
create database wee;
use wee;
create table Address(address_no int primary key auto_increment, street varchar(50), subdivision varchar(50), city varchar(50), province varchar(50), region varchar(50));
create table UPHiredParent(name varchar(50), designation varchar(50), college varchar(50), category varchar(50), tenure varchar(50), status varchar(50), primary key (designation,college));
create table ContactInfo(telephone numeric(7), cellphone numeric(12) primary key, email varchar(30));
create table RelativeInfo(id int primary key, name varchar(50) not null, citizenship varchar(50) not null, civil_status varchar(50) not null, highest_educational_attained varchar(50) not null, occupation varchar(50) not null, employer varchar(50) not null, unique key (name,citizenship,civil_status,highest_educational_attained,occupation,employer));
create table StudentInfo(id int primary key auto_increment, name varchar(50) not null, sex varchar(10), bday date not null, citizenship varchar(50), dual_citizenship varchar(50), cultural_group varchar(50), disability varchar(50), civil_status varchar(50), highest_education_attained varchar(50), occupation varchar(50), employer varchar(50), income numeric(12,2) default 0.0, unique key (name,bday));
create table Course(name varchar(50) primary key);
create table Campus(name varchar(50) primary key);
Create table Car(plate varchar(10) primary key, model varchar(50), color varchar(50));

create table OwnsCar(car varchar(10), student_id int, primary key(car, student_id), foreign key (car) references Car(plate), foreign key (student_id) references StudentInfo(id));
create table MoreRelativeInfo(name varchar(50), citizenship varchar(50), civil_status varchar(50), highest_educational_attained varchar(50), occupation varchar(50), employer varchar(50), income numeric(12,2), UPHiredDes varchar(50), UPHiredCol varchar(50), primary key (name,citizenship,civil_status,highest_educational_attained,occupation,employer), foreign key (name,citizenship,civil_status,highest_educational_attained,occupation,employer) references RelativeInfo(name,citizenship,civil_status,highest_educational_attained,occupation,employer), foreign key (UPHiredDes,UPHiredCol) references UPHiredParent(designation,college));
create table highschool(name varchar(100) primary key, address_no int, foreign key (address_no) references address(address_no));
create table OffersIn(code numeric(4) primary key, name varchar(50), campus varchar(50), foreign key (name) references Course(name), foreign key (campus) references Campus(name));
create table SocioEconoData(SED_ID INT primary key,subtotal int,sid int,father INT,mother INT, foreign key (sid) references StudentInfo(id), foreign key (father) references Relativeinfo(id), foreign key (mother) references Relativeinfo(id));
create table DocumentForm(document_identification_number int primary key, testing_fee varchar(20), tp_checker int, exception_evaluator int, exception_type varchar(50),deficiencies varchar(50),received_by INT,student_id int,campus_1_1st_choice numeric(4),campus_1_2nd_choice numeric(4),campus_2_1st_choice numeric(4),campus_2_2nd_choice numeric(4), test_center varchar(50), SED_ID INT, foreign key (student_id) references StudentInfo(id), foreign key (campus_1_1st_choice) references OffersIn(code), foreign key (campus_1_2nd_choice) references OffersIn(code), foreign key (campus_2_1st_choice) references OffersIn(code), foreign key (campus_2_2nd_choice) references OffersIn(code));
create table LessImportantStudentInfo(name varchar(50),bday Date,highschool varchar(100), month_year_of_grad YEAR(4), other_highschool varchar(50), other_hs_year YEAR(4), address INT, primary key (name,bday), foreign key (name,bday) references StudentInfo(name,bday), foreign key (highschool) references highschool(name), foreign key (other_highschool) references highschool(name), foreign key (address) references Address(address_no));
create table Contacts(cellphone numeric(12) ,student_id int, foreign key (cellphone) references ContactInfo (cellphone), foreign key (student_id) references StudentInfo(id));
create table ContactInCaseofEmergency(relative INT, numbertoContact numeric(12), student_id INT, primary key(relative,student_id), foreign key (relative) references RelativeInfo(id), foreign key (student_id) references StudentInfo(id));
create table RelatesTo(student_id int, relative_id int, relationship varchar(50), primary key (student_id,relative_id), foreign key (student_id) references StudentInfo(id), foreign key (relative_id) references RelativeInfo(id));

#Inserts (used randomized data: please don't read it. The data should not make any sense english-wise)
Insert into Address values (1,"89644 Service Circle","Oulad Frej","Suozhen","Puntarenas","Region-5"),(2,"6 Jenifer Way","Mae Chan","Pepe","Jidong","Region-7"),(3,"53456 Bunting Court","Gueset","Kaduranca","Haparanda","Region-7"), (4,"Comanche","Pennsylvania","Fort Smith","North Carolina","Region-5"), (5,"Dawn","Texas","Fort Smith","California","Region-6"), (6,"Dawn","Texas","Fort Smith","Florida","Region-9"), (7,"Melrose","Pennsylvania","Fort Smith","Louisiana","Region-8"), (8,"Menomonie","New Mexico","Fort Smith","Oklahoma","Region-9"), (9,"6th","Oklahoma","Fort Smith","Iowa","Region-9"), (10,"Schurz","Virginia","Fort Smith","Connecticut","Region-2");
Insert into UPHiredParent values ("Danica Oloshin","Analog Circuit Design manager","Economics","part-time without compensation","permanent","in active service"), ("Clayborn Lambersen","Professor","SSP","part-time without compensation","temporary","on leave with pay"), ("Bron Osmund","Analyst Programmer","Arts and Letters","part-time without compensation","contractual","on secondment");
Insert into ContactInfo values (3383994,639769495806,"aletchford0@about.me"), (8114560,639831891243,"abartoszewicz1@dagondesign.com"), (3924577,639985766305,"bobee2@freewebs.com");
Insert into RelativeInfo values (1,"Danica Oloshin","suspendisse","augue","purus","dolor","Youopia"), (2,"Reamonn Cabble","proin","luctus","convallis","quis","Jayo"), (3,"Penn Fallowes","augue","risus","aliquam","id","Rhybox");
Insert into StudentInfo values (1,"Raff Blaycock","Male","1926-11-11","massa","luctus","vel nulla","ornare","faucibus","mauris","odio","Riffwire",8.11), (2,"Wolfie Brittain","Male","1932-01-16","quisque","ultrices","eget","vitae consectetuer","libero","nisl","elit","Oyoba",6.68), (3,"Elinor Hauck","Female","1890-09-06","id","massa","consequat morbi","aenean lectus","posuere","eget","quis","Quimm",1.77);
Insert into Course values ("erat vestibulum sed magna"), ("fusce consequat"), ("eleifend pede libero");
Insert into Campus values ("Diliman"),("Manila"),("Los Baños"),("Visayas"),("Open University") ;
Insert into Car values ("VPL 502","Land Rover Discovery 2012","Green"), ("OYW 205","Volkswagen Cabriolet 1990","Teal"), ("GJW 865","Ford Mustang 1986","Crimson");

Insert into OwnsCar values ("VPL 502",1), ("OYW 205",2), ("GJW 865",1);
Insert into MoreRelativeInfo values ("Danica Oloshin","suspendisse","augue","purus","dolor","Youopia", 20.0, "Analog Circuit Design manager","Economics"), ("Reamonn Cabble","proin","luctus","convallis","quis","Jayo", 55.1, null, null), ("Penn Fallowes","augue","risus","aliquam","id","Rhybox", 180.9, null, null);
Insert into highschool values ("American InterContinental University - Ft. Lauderdale",7), ("Guangdong Radio & TV University",2), ("International University of Fundamental Studies, St. Petersburg",5);
Insert into OffersIn values (3921,"erat vestibulum sed magna","Manila"), (7829,"eleifend pede libero","Manila"), (9969,"eleifend pede libero","Open University"), (2008,"erat vestibulum sed magna", "Open University");
Insert into SocioEconoData values (1,6.17,1,3,3), (2,0.32,2,3,1), (3,3.23,3,3,1);
Insert into DocumentForm values (1,"US$100",867,901,"top 10",null,994,1,3921,7829,9969,2008,"Miura",1), (2,"US$100",217,760,"income",null,067,2,3921,7829,9969,2008,"Pante Raja",2), (3,"US$50",365,840,"income",null,364,3,3921,7829,9969,2008,"Jiwani",3);
Insert into LessImportantStudentInfo values ("Raff Blaycock","1926-11-11","American InterContinental University - Ft. Lauderdale","2011",null,null,1), ("Wolfie Brittain","1932-01-16","American InterContinental University - Ft. Lauderdale","2011",null,null,8), ("Elinor Hauck","1890-09-06","American InterContinental University - Ft. Lauderdale","2011",null,null,3);
Insert into Contacts values (639769495806,1), (639831891243,2), (639985766305,3);
Insert into ContactInCaseofEmergency values (1,639111336432,1),(1,639111336432,2),(2,639758028601,3);
Insert into RelatesTo values (1,1,"mother"), (1,2,"mother"), (2,3,"cousin");